{"nodes":[{"id":138,"name":"tie-yan_liu"},{"id":176,"name":"christopher_m._bishop"},{"id":149,"name":"glenn_fung"},{"id":15,"name":"zoubin_ghahramani"},{"id":91,"name":"john_s._denker"},{"id":181,"name":"christof_koch"},{"id":128,"name":"stephen_e._robertson"},{"id":92,"name":"corinna_cortes"},{"id":37,"name":"thomas_l._griffiths"},{"id":110,"name":"wei_wang"},{"id":133,"name":"daniel_d._lee"},{"id":90,"name":"ji-rong_wen"},{"id":98,"name":"diane_kelly"},{"id":237,"name":"andrew_mccallum"},{"id":221,"name":"martin_franz"},{"id":222,"name":"hang_li"},{"id":22,"name":"thore_graepel"},{"id":161,"name":"jian-tao_sun"},{"id":216,"name":"geoffrey_j._gordon"},{"id":191,"name":"claudio_gentile"},{"id":64,"name":"gunnar_r&auml;tsch"},{"id":116,"name":"ellen_m._voorhees"},{"id":39,"name":"ke_wang"},{"id":201,"name":"william_t._freeman"},{"id":207,"name":"trevor_darrell"},{"id":228,"name":"kenji_doya"},{"id":35,"name":"ian_soboroff"},{"id":175,"name":"peter_sollich"},{"id":79,"name":"sara_a._solla"},{"id":224,"name":"eero_p._simoncelli"},{"id":78,"name":"leif_azzopardi"},{"id":245,"name":"peter_bollmann"},{"id":19,"name":"michael_i._jordan"},{"id":52,"name":"nicholas_j._belkin"},{"id":61,"name":"edleno_silva_de_moura"},{"id":21,"name":"klaus_obermayer"},{"id":179,"name":"luo_si"},{"id":153,"name":"soumen_chakrabarti"},{"id":20,"name":"peter_dayan"},{"id":227,"name":"trevor_hastie"},{"id":112,"name":"christos_faloutsos"},{"id":121,"name":"clement_t._yu"},{"id":246,"name":"s._k._michael_wong"},{"id":73,"name":"alan_l._yuille"},{"id":107,"name":"robert_e._schapire"},{"id":76,"name":"james_p._callan"},{"id":85,"name":"david_horn"},{"id":214,"name":"heikki_mannila"},{"id":26,"name":"andrew_tomkins"},{"id":173,"name":"maarten_de_rijke"},{"id":230,"name":"qiaozhu_mei"},{"id":140,"name":"edward_a._fox"},{"id":84,"name":"hans_peter_graf"},{"id":48,"name":"rong_jin"},{"id":141,"name":"dou_shen"},{"id":28,"name":"rakesh_agrawal"},{"id":215,"name":"aristides_gionis"},{"id":80,"name":"yoshua_bengio"},{"id":189,"name":"alan_f._smeaton"},{"id":108,"name":"shun-ichi_amari"},{"id":218,"name":"sebastian_thrun"},{"id":88,"name":"qiang_yang"},{"id":77,"name":"ian_ruthven"},{"id":136,"name":"wei-ying_ma"},{"id":146,"name":"david_saad"},{"id":194,"name":"andrew_w._moore"},{"id":9,"name":"max_welling"},{"id":74,"name":"fabio_crestani"},{"id":238,"name":"shumeet_baluja"},{"id":156,"name":"volker_tresp"},{"id":165,"name":"nicol_n._schraudolph"},{"id":239,"name":"ricardo_a._baeza-yates"},{"id":183,"name":"john_c._platt"},{"id":99,"name":"ross_wilkinson"},{"id":114,"name":"yiming_ma"},{"id":102,"name":"gordon_v._cormack"},{"id":86,"name":"eytan_ruppin"},{"id":132,"name":"barak_a._pearlmutter"},{"id":155,"name":"hans-peter_kriegel"},{"id":60,"name":"wolfgang_nejdl"},{"id":41,"name":"jiawei_han"},{"id":204,"name":"koby_crammer"},{"id":243,"name":"rajesh_p._n._rao"},{"id":248,"name":"john_a._hertz"},{"id":130,"name":"foster_j._provost"},{"id":67,"name":"olivier_chapelle"},{"id":96,"name":"douglas_w._oard"},{"id":166,"name":"paul_a._viola"},{"id":150,"name":"jude_w._shavlik"},{"id":89,"name":"hua-jun_zeng"},{"id":23,"name":"ralf_herbrich"},{"id":185,"name":"berthier_a._ribeiro-neto"},{"id":83,"name":"william_bialek"},{"id":93,"name":"srinivasan_parthasarathy"},{"id":131,"name":"david_jensen"},{"id":139,"name":"xiaofei_he"},{"id":157,"name":"todd_k._leen"},{"id":70,"name":"tomaso_poggio"},{"id":72,"name":"eric_mjolsness"},{"id":118,"name":"donna_harman"},{"id":236,"name":"zhaoping_li"},{"id":187,"name":"wynne_hsu"},{"id":29,"name":"david_a._cohn"},{"id":105,"name":"chris_buckley"},{"id":49,"name":"john_d._lafferty"},{"id":193,"name":"aya_soffer"},{"id":2,"name":"pietro_perona"},{"id":47,"name":"jian_zhang"},{"id":145,"name":"daphne_koller"},{"id":197,"name":"bartlett_w._mel"},{"id":97,"name":"joemon_m._jose"},{"id":196,"name":"christopher_g._atkeson"},{"id":104,"name":"david_d._lewis"},{"id":172,"name":"rich_caruana"},{"id":234,"name":"mitsuo_kawato"},{"id":106,"name":"yoram_singer"},{"id":71,"name":"anand_rangarajan"},{"id":1,"name":"pierre_baldi"},{"id":137,"name":"weiguo_fan"},{"id":38,"name":"joshua_b._tenenbaum"},{"id":242,"name":"michael_j._pazzani"},{"id":250,"name":"joshua_alspector"},{"id":14,"name":"lawrence_k._saul"},{"id":219,"name":"samy_bengio"},{"id":18,"name":"steven_j._nowlan"},{"id":154,"name":"david_m._pennock"},{"id":62,"name":"jason_weston"},{"id":46,"name":"carl_edward_rasmussen"},{"id":101,"name":"chris_h._q._ding"},{"id":95,"name":"mohammed_javeed_zaki"},{"id":152,"name":"tommi_jaakkola"},{"id":202,"name":"subutai_ahmad"},{"id":205,"name":"anthony_m._zador"},{"id":27,"name":"ravi_kumar"},{"id":225,"name":"gert_cauwenberghs"},{"id":33,"name":"mark_sanderson"},{"id":208,"name":"alex_pentland"},{"id":162,"name":"alexandre_pouget"},{"id":120,"name":"gerard_salton"},{"id":82,"name":"isabelle_guyon"},{"id":213,"name":"alan_s._willsky"},{"id":69,"name":"alex_j._smola"},{"id":211,"name":"abraham_bookstein"},{"id":4,"name":"usama_m._fayyad"},{"id":94,"name":"charu_c._aggarwal"},{"id":159,"name":"hui_xiong"},{"id":226,"name":"tetsuya_sakai"},{"id":212,"name":"marina_meila"},{"id":240,"name":"h._sebastian_seung"},{"id":36,"name":"w._bruce_croft"},{"id":13,"name":"brendan_j._frey"},{"id":68,"name":"l&eacute;on_bottou"},{"id":115,"name":"eamonn_j._keogh"},{"id":178,"name":"gal_chechik"},{"id":174,"name":"david_barber"},{"id":5,"name":"ron_meir"},{"id":164,"name":"victor_lavrenko"},{"id":6,"name":"peter_l._bartlett"},{"id":50,"name":"yiming_yang"},{"id":109,"name":"philip_s._yu"},{"id":129,"name":"naftali_tishby"},{"id":65,"name":"bernhard_sch&ouml;lkopf"},{"id":10,"name":"christopher_k._i._williams"},{"id":186,"name":"ramakrishnan_srikant"},{"id":169,"name":"jan_o._pedersen"},{"id":123,"name":"manfred_opper"},{"id":203,"name":"ralph_neuneier"},{"id":167,"name":"david_j._harper"},{"id":223,"name":"kenji_yamanishi"},{"id":209,"name":"michael_s._lewicki"},{"id":75,"name":"c._j._van_rijsbergen"},{"id":125,"name":"william_w._cohen"},{"id":119,"name":"norbert_fuhr"},{"id":235,"name":"ole_winther"},{"id":135,"name":"andrew_g._barto"},{"id":142,"name":"deng_cai"},{"id":143,"name":"jian-yun_nie"},{"id":55,"name":"eric_brill"},{"id":163,"name":"terrence_j._sejnowski"},{"id":177,"name":"marwan_a._jabri"},{"id":81,"name":"patrice_simard"},{"id":134,"name":"richard_s._sutton"},{"id":184,"name":"nello_cristianini"},{"id":190,"name":"alexander_tuzhilin"},{"id":241,"name":"dimitrios_gunopulos"},{"id":220,"name":"alistair_moffat"},{"id":122,"name":"mounia_lalmas"},{"id":171,"name":"c._lee_giles"},{"id":158,"name":"john_e._moody"},{"id":247,"name":"javier_r._movellan"},{"id":244,"name":"hagai_attias"},{"id":199,"name":"ophir_frieder"},{"id":148,"name":"robert_c._williamson"},{"id":25,"name":"prabhakar_raghavan"},{"id":100,"name":"tao_li"},{"id":192,"name":"david_carmel"},{"id":117,"name":"james_allan"},{"id":17,"name":"sam_t._roweis"},{"id":16,"name":"michael_mozer"},{"id":11,"name":"richard_s._zemel"},{"id":54,"name":"eric_horvitz"},{"id":32,"name":"satinder_p._singh"},{"id":252,"name":"saharon_rosset"},{"id":3,"name":"padhraic_smyth"},{"id":31,"name":"gerald_tesauro"},{"id":182,"name":"john_shawe-taylor"},{"id":198,"name":"david_a._grossman"},{"id":66,"name":"klaus-robert_m&uuml;ller"},{"id":87,"name":"yong_yu"},{"id":111,"name":"huan_liu"},{"id":188,"name":"jon_m._kleinberg"},{"id":63,"name":"vladimir_vapnik"},{"id":8,"name":"geoffrey_e._hinton"},{"id":34,"name":"justin_zobel"},{"id":233,"name":"joachim_m._buhmann"},{"id":151,"name":"manfred_k._warmuth"},{"id":113,"name":"jiong_yang"},{"id":58,"name":"eugene_agichtein"},{"id":180,"name":"shih-chii_liu"},{"id":7,"name":"tong_zhang"},{"id":44,"name":"bing_liu"},{"id":206,"name":"wolfgang_maass"},{"id":232,"name":"shmuel_t._klein"},{"id":160,"name":"vipin_kumar"},{"id":127,"name":"abdur_chowdhury"},{"id":56,"name":"ryen_w._white"},{"id":200,"name":"yair_weiss"},{"id":251,"name":"clay_spence"},{"id":12,"name":"yann_lecun"},{"id":51,"name":"susan_t._dumais"},{"id":57,"name":"andrew_y._ng"},{"id":103,"name":"amit_singhal"},{"id":42,"name":"jian_pei"},{"id":229,"name":"xuehua_shen"},{"id":249,"name":"garrison_w._cottrell"},{"id":170,"name":"steve_lawrence"},{"id":231,"name":"hongyuan_zha"},{"id":53,"name":"charles_l._a._clarke"},{"id":45,"name":"martin_ester"},{"id":168,"name":"david_r._karger"},{"id":59,"name":"rodney_m._goodman"},{"id":126,"name":"chengxiang_zhai"},{"id":40,"name":"benyu_zhang"},{"id":147,"name":"adam_kowalczyk"},{"id":217,"name":"david_s._touretzky"},{"id":144,"name":"ronald_parr"},{"id":24,"name":"helge_ritter"},{"id":30,"name":"thomas_hofmann"},{"id":124,"name":"michael_j._kearns"},{"id":210,"name":"vijay_v._raghavan"},{"id":195,"name":"thomas_g._dietterich"},{"id":43,"name":"zheng_chen"}],"links":[{"source":1,"target":2},{"source":1,"target":3},{"source":1,"target":4},{"source":5,"target":6},{"source":5,"target":7},{"source":8,"target":9},{"source":8,"target":10},{"source":8,"target":11},{"source":8,"target":12},{"source":8,"target":13},{"source":8,"target":14},{"source":8,"target":15},{"source":8,"target":16},{"source":8,"target":17},{"source":8,"target":18},{"source":8,"target":19},{"source":8,"target":20},{"source":21,"target":16},{"source":21,"target":22},{"source":21,"target":23},{"source":21,"target":24},{"source":25,"target":26},{"source":25,"target":27},{"source":25,"target":28},{"source":29,"target":30},{"source":29,"target":31},{"source":29,"target":15},{"source":29,"target":19},{"source":29,"target":32},{"source":33,"target":34},{"source":33,"target":35},{"source":33,"target":36},{"source":37,"target":38},{"source":37,"target":19},{"source":37,"target":3},{"source":39,"target":40},{"source":39,"target":41},{"source":39,"target":42},{"source":39,"target":43},{"source":39,"target":44},{"source":39,"target":45},{"source":15,"target":46},{"source":15,"target":29},{"source":15,"target":8},{"source":15,"target":14},{"source":15,"target":47},{"source":15,"target":48},{"source":15,"target":17},{"source":15,"target":19},{"source":15,"target":49},{"source":15,"target":50},{"source":51,"target":52},{"source":51,"target":53},{"source":51,"target":54},{"source":51,"target":48},{"source":51,"target":55},{"source":51,"target":56},{"source":51,"target":57},{"source":51,"target":58},{"source":59,"target":3},{"source":60,"target":61},{"source":62,"target":63},{"source":62,"target":64},{"source":62,"target":46},{"source":62,"target":65},{"source":62,"target":66},{"source":62,"target":67},{"source":62,"target":68},{"source":62,"target":69},{"source":62,"target":70},{"source":71,"target":72},{"source":71,"target":73},{"source":74,"target":75},{"source":74,"target":76},{"source":74,"target":77},{"source":74,"target":78},{"source":68,"target":79},{"source":68,"target":63},{"source":68,"target":12},{"source":68,"target":80},{"source":68,"target":81},{"source":68,"target":82},{"source":68,"target":67},{"source":68,"target":83},{"source":68,"target":62},{"source":68,"target":84},{"source":85,"target":63},{"source":85,"target":86},{"source":87,"target":88},{"source":87,"target":89},{"source":87,"target":43},{"source":87,"target":90},{"source":2,"target":4},{"source":2,"target":1},{"source":2,"target":3},{"source":46,"target":10},{"source":46,"target":15},{"source":46,"target":65},{"source":46,"target":62},{"source":63,"target":79},{"source":63,"target":91},{"source":63,"target":81},{"source":63,"target":65},{"source":63,"target":85},{"source":63,"target":82},{"source":63,"target":67},{"source":63,"target":68},{"source":63,"target":69},{"source":63,"target":62},{"source":63,"target":70},{"source":63,"target":84},{"source":63,"target":92},{"source":93,"target":94},{"source":93,"target":95},{"source":56,"target":96},{"source":56,"target":53},{"source":56,"target":97},{"source":56,"target":51},{"source":56,"target":77},{"source":56,"target":58},{"source":54,"target":51},{"source":52,"target":98},{"source":52,"target":36},{"source":52,"target":99},{"source":52,"target":51},{"source":52,"target":76},{"source":100,"target":101},{"source":100,"target":48},{"source":102,"target":53},{"source":103,"target":104},{"source":103,"target":105},{"source":103,"target":106},{"source":103,"target":107},{"source":108,"target":66},{"source":109,"target":110},{"source":109,"target":111},{"source":109,"target":94},{"source":109,"target":41},{"source":109,"target":112},{"source":109,"target":113},{"source":109,"target":42},{"source":109,"target":44},{"source":109,"target":114},{"source":109,"target":115},{"source":105,"target":116},{"source":105,"target":117},{"source":105,"target":35},{"source":105,"target":118},{"source":105,"target":103},{"source":105,"target":119},{"source":105,"target":120},{"source":105,"target":121},{"source":77,"target":74},{"source":77,"target":97},{"source":77,"target":75},{"source":77,"target":56},{"source":77,"target":78},{"source":77,"target":122},{"source":107,"target":123},{"source":107,"target":104},{"source":107,"target":124},{"source":107,"target":81},{"source":107,"target":125},{"source":107,"target":103},{"source":107,"target":106},{"source":107,"target":76},{"source":49,"target":125},{"source":49,"target":15},{"source":49,"target":126},{"source":35,"target":116},{"source":35,"target":127},{"source":35,"target":53},{"source":35,"target":105},{"source":35,"target":33},{"source":35,"target":128},{"source":83,"target":129},{"source":83,"target":68},{"source":130,"target":131},{"source":120,"target":116},{"source":120,"target":117},{"source":120,"target":105},{"source":120,"target":121},{"source":12,"target":79},{"source":12,"target":132},{"source":12,"target":91},{"source":12,"target":133},{"source":12,"target":8},{"source":12,"target":80},{"source":12,"target":81},{"source":12,"target":14},{"source":12,"target":82},{"source":12,"target":68},{"source":134,"target":32},{"source":134,"target":135},{"source":136,"target":137},{"source":136,"target":88},{"source":136,"target":138},{"source":136,"target":139},{"source":136,"target":40},{"source":136,"target":140},{"source":136,"target":141},{"source":136,"target":142},{"source":136,"target":89},{"source":136,"target":43},{"source":136,"target":143},{"source":136,"target":90},{"source":144,"target":57},{"source":144,"target":145},{"source":79,"target":63},{"source":79,"target":82},{"source":79,"target":146},{"source":79,"target":20},{"source":79,"target":92},{"source":79,"target":91},{"source":79,"target":12},{"source":79,"target":68},{"source":16,"target":8},{"source":16,"target":21},{"source":16,"target":10},{"source":16,"target":11},{"source":6,"target":65},{"source":6,"target":19},{"source":6,"target":69},{"source":6,"target":147},{"source":6,"target":148},{"source":6,"target":5},{"source":149,"target":150},{"source":64,"target":65},{"source":64,"target":66},{"source":64,"target":69},{"source":64,"target":62},{"source":64,"target":151},{"source":14,"target":133},{"source":14,"target":8},{"source":14,"target":15},{"source":14,"target":152},{"source":14,"target":17},{"source":14,"target":19},{"source":14,"target":124},{"source":14,"target":12},{"source":153,"target":154},{"source":24,"target":21},{"source":155,"target":156},{"source":155,"target":45},{"source":157,"target":158},{"source":157,"target":146},{"source":159,"target":160},{"source":159,"target":45},{"source":161,"target":88},{"source":161,"target":126},{"source":161,"target":111},{"source":161,"target":141},{"source":161,"target":89},{"source":161,"target":43},{"source":26,"target":27},{"source":26,"target":112},{"source":26,"target":25},{"source":11,"target":9},{"source":11,"target":8},{"source":11,"target":18},{"source":11,"target":20},{"source":11,"target":162},{"source":11,"target":10},{"source":11,"target":16},{"source":11,"target":163},{"source":117,"target":105},{"source":117,"target":36},{"source":117,"target":120},{"source":117,"target":164},{"source":40,"target":137},{"source":40,"target":88},{"source":40,"target":136},{"source":40,"target":140},{"source":40,"target":141},{"source":40,"target":89},{"source":40,"target":43},{"source":40,"target":39},{"source":17,"target":8},{"source":17,"target":13},{"source":17,"target":14},{"source":17,"target":15},{"source":158,"target":157},{"source":165,"target":20},{"source":165,"target":166},{"source":165,"target":163},{"source":97,"target":77},{"source":97,"target":167},{"source":97,"target":56},{"source":168,"target":169},{"source":170,"target":171},{"source":170,"target":58},{"source":170,"target":154},{"source":170,"target":172},{"source":173,"target":78},{"source":174,"target":175},{"source":174,"target":176},{"source":174,"target":10},{"source":118,"target":105},{"source":82,"target":79},{"source":82,"target":63},{"source":82,"target":84},{"source":82,"target":91},{"source":82,"target":12},{"source":82,"target":68},{"source":177,"target":171},{"source":86,"target":85},{"source":86,"target":178},{"source":55,"target":57},{"source":55,"target":58},{"source":55,"target":51},{"source":125,"target":126},{"source":125,"target":49},{"source":125,"target":57},{"source":125,"target":106},{"source":125,"target":107},{"source":48,"target":100},{"source":48,"target":179},{"source":48,"target":101},{"source":48,"target":15},{"source":48,"target":126},{"source":48,"target":51},{"source":48,"target":76},{"source":47,"target":15},{"source":47,"target":50},{"source":47,"target":143},{"source":180,"target":181},{"source":182,"target":183},{"source":182,"target":65},{"source":182,"target":69},{"source":182,"target":23},{"source":182,"target":10},{"source":182,"target":184},{"source":182,"target":148},{"source":182,"target":22},{"source":137,"target":88},{"source":137,"target":40},{"source":137,"target":136},{"source":137,"target":140},{"source":137,"target":43},{"source":137,"target":185},{"source":95,"target":94},{"source":95,"target":113},{"source":95,"target":93},{"source":114,"target":186},{"source":114,"target":44},{"source":114,"target":187},{"source":114,"target":109},{"source":122,"target":77},{"source":122,"target":75},{"source":112,"target":26},{"source":112,"target":188},{"source":112,"target":109},{"source":189,"target":75},{"source":190,"target":44},{"source":176,"target":152},{"source":176,"target":19},{"source":176,"target":10},{"source":176,"target":174},{"source":191,"target":151},{"source":88,"target":137},{"source":88,"target":87},{"source":88,"target":40},{"source":88,"target":136},{"source":88,"target":141},{"source":88,"target":161},{"source":88,"target":89},{"source":88,"target":43},{"source":67,"target":63},{"source":67,"target":65},{"source":67,"target":62},{"source":67,"target":70},{"source":67,"target":68},{"source":192,"target":193},{"source":194,"target":195},{"source":194,"target":196},{"source":197,"target":181},{"source":198,"target":116},{"source":198,"target":104},{"source":198,"target":127},{"source":198,"target":199},{"source":200,"target":201},{"source":200,"target":19},{"source":200,"target":57},{"source":200,"target":129},{"source":200,"target":178},{"source":99,"target":52},{"source":202,"target":31},{"source":202,"target":203},{"source":202,"target":156},{"source":104,"target":36},{"source":104,"target":116},{"source":104,"target":127},{"source":104,"target":198},{"source":104,"target":199},{"source":104,"target":103},{"source":104,"target":76},{"source":104,"target":107},{"source":28,"target":186},{"source":28,"target":25},{"source":204,"target":129},{"source":204,"target":106},{"source":10,"target":9},{"source":10,"target":123},{"source":10,"target":8},{"source":10,"target":175},{"source":10,"target":176},{"source":10,"target":182},{"source":10,"target":46},{"source":10,"target":11},{"source":10,"target":174},{"source":10,"target":16},{"source":43,"target":137},{"source":43,"target":88},{"source":43,"target":138},{"source":43,"target":126},{"source":43,"target":87},{"source":43,"target":111},{"source":43,"target":40},{"source":43,"target":136},{"source":43,"target":140},{"source":43,"target":141},{"source":43,"target":161},{"source":43,"target":89},{"source":43,"target":39},{"source":205,"target":206},{"source":207,"target":201},{"source":207,"target":166},{"source":207,"target":208},{"source":58,"target":53},{"source":58,"target":170},{"source":58,"target":51},{"source":58,"target":55},{"source":58,"target":56},{"source":27,"target":26},{"source":27,"target":25},{"source":209,"target":163},{"source":135,"target":32},{"source":135,"target":134},{"source":135,"target":76},{"source":18,"target":183},{"source":18,"target":8},{"source":18,"target":20},{"source":18,"target":162},{"source":18,"target":11},{"source":18,"target":163},{"source":188,"target":112},{"source":181,"target":197},{"source":181,"target":180},{"source":69,"target":63},{"source":69,"target":183},{"source":69,"target":81},{"source":69,"target":65},{"source":69,"target":66},{"source":69,"target":182},{"source":69,"target":62},{"source":69,"target":147},{"source":69,"target":64},{"source":69,"target":148},{"source":69,"target":6},{"source":175,"target":146},{"source":175,"target":10},{"source":175,"target":174},{"source":110,"target":113},{"source":110,"target":41},{"source":110,"target":42},{"source":110,"target":109},{"source":98,"target":52},{"source":169,"target":168},{"source":121,"target":105},{"source":121,"target":210},{"source":121,"target":120},{"source":121,"target":211},{"source":152,"target":13},{"source":152,"target":176},{"source":152,"target":14},{"source":152,"target":19},{"source":152,"target":32},{"source":152,"target":212},{"source":152,"target":213},{"source":185,"target":137},{"source":185,"target":61},{"source":214,"target":215},{"source":214,"target":3},{"source":53,"target":102},{"source":53,"target":58},{"source":53,"target":35},{"source":53,"target":51},{"source":53,"target":56},{"source":216,"target":217},{"source":216,"target":218},{"source":219,"target":80},{"source":219,"target":106},{"source":140,"target":137},{"source":140,"target":40},{"source":140,"target":136},{"source":140,"target":43},{"source":220,"target":34},{"source":220,"target":36},{"source":143,"target":136},{"source":143,"target":47},{"source":143,"target":90},{"source":208,"target":207},{"source":154,"target":171},{"source":154,"target":153},{"source":154,"target":170},{"source":113,"target":110},{"source":113,"target":41},{"source":113,"target":95},{"source":113,"target":109},{"source":221,"target":96},{"source":38,"target":201},{"source":38,"target":19},{"source":38,"target":37},{"source":222,"target":138},{"source":222,"target":223},{"source":65,"target":63},{"source":65,"target":183},{"source":65,"target":81},{"source":65,"target":66},{"source":65,"target":67},{"source":65,"target":182},{"source":65,"target":69},{"source":65,"target":62},{"source":65,"target":30},{"source":65,"target":64},{"source":65,"target":46},{"source":65,"target":224},{"source":65,"target":148},{"source":65,"target":6},{"source":225,"target":70},{"source":128,"target":35},{"source":128,"target":75},{"source":128,"target":226},{"source":81,"target":63},{"source":81,"target":132},{"source":81,"target":65},{"source":81,"target":69},{"source":81,"target":84},{"source":81,"target":91},{"source":81,"target":12},{"source":81,"target":227},{"source":81,"target":68},{"source":81,"target":107},{"source":148,"target":183},{"source":148,"target":65},{"source":148,"target":182},{"source":148,"target":69},{"source":148,"target":23},{"source":148,"target":147},{"source":148,"target":22},{"source":148,"target":6},{"source":224,"target":65},{"source":31,"target":202},{"source":31,"target":29},{"source":31,"target":163},{"source":23,"target":21},{"source":23,"target":182},{"source":23,"target":148},{"source":23,"target":22},{"source":228,"target":163},{"source":126,"target":125},{"source":126,"target":229},{"source":126,"target":49},{"source":126,"target":41},{"source":126,"target":161},{"source":126,"target":230},{"source":126,"target":48},{"source":126,"target":43},{"source":195,"target":194},{"source":195,"target":196},{"source":101,"target":100},{"source":101,"target":231},{"source":101,"target":48},{"source":230,"target":229},{"source":230,"target":126},{"source":230,"target":41},{"source":223,"target":222},{"source":232,"target":211},{"source":218,"target":216},{"source":218,"target":145},{"source":30,"target":65},{"source":30,"target":19},{"source":30,"target":29},{"source":30,"target":233},{"source":19,"target":200},{"source":19,"target":8},{"source":19,"target":176},{"source":19,"target":14},{"source":19,"target":15},{"source":19,"target":152},{"source":19,"target":32},{"source":19,"target":57},{"source":19,"target":30},{"source":19,"target":29},{"source":19,"target":38},{"source":19,"target":234},{"source":19,"target":37},{"source":19,"target":212},{"source":19,"target":6},{"source":131,"target":36},{"source":131,"target":130},{"source":235,"target":123},{"source":20,"target":79},{"source":20,"target":236},{"source":20,"target":8},{"source":20,"target":13},{"source":20,"target":18},{"source":20,"target":32},{"source":20,"target":162},{"source":20,"target":11},{"source":20,"target":163},{"source":20,"target":165},{"source":22,"target":21},{"source":22,"target":182},{"source":22,"target":23},{"source":22,"target":148},{"source":201,"target":200},{"source":201,"target":166},{"source":201,"target":38},{"source":201,"target":207},{"source":201,"target":213},{"source":36,"target":220},{"source":36,"target":34},{"source":36,"target":117},{"source":36,"target":237},{"source":36,"target":131},{"source":36,"target":104},{"source":36,"target":52},{"source":36,"target":33},{"source":36,"target":164},{"source":36,"target":76},{"source":238,"target":172},{"source":61,"target":60},{"source":61,"target":239},{"source":61,"target":185},{"source":240,"target":133},{"source":240,"target":129},{"source":72,"target":71},{"source":72,"target":73},{"source":72,"target":3},{"source":145,"target":218},{"source":145,"target":57},{"source":145,"target":144},{"source":213,"target":152},{"source":213,"target":201},{"source":91,"target":63},{"source":91,"target":79},{"source":91,"target":81},{"source":91,"target":82},{"source":91,"target":84},{"source":91,"target":92},{"source":91,"target":12},{"source":119,"target":105},{"source":3,"target":72},{"source":3,"target":214},{"source":3,"target":59},{"source":3,"target":1},{"source":3,"target":4},{"source":3,"target":37},{"source":3,"target":2},{"source":3,"target":115},{"source":129,"target":200},{"source":129,"target":240},{"source":129,"target":204},{"source":129,"target":83},{"source":129,"target":178},{"source":129,"target":106},{"source":80,"target":219},{"source":80,"target":12},{"source":80,"target":68},{"source":80,"target":106},{"source":115,"target":241},{"source":115,"target":3},{"source":115,"target":242},{"source":115,"target":109},{"source":243,"target":163},{"source":183,"target":65},{"source":183,"target":18},{"source":183,"target":182},{"source":183,"target":69},{"source":183,"target":244},{"source":183,"target":184},{"source":183,"target":148},{"source":90,"target":139},{"source":90,"target":87},{"source":90,"target":136},{"source":90,"target":142},{"source":90,"target":143},{"source":7,"target":5},{"source":50,"target":15},{"source":50,"target":47},{"source":156,"target":203},{"source":156,"target":155},{"source":156,"target":202},{"source":96,"target":221},{"source":96,"target":56},{"source":231,"target":101},{"source":231,"target":171},{"source":242,"target":115},{"source":210,"target":245},{"source":210,"target":246},{"source":210,"target":121},{"source":34,"target":220},{"source":34,"target":36},{"source":34,"target":33},{"source":4,"target":1},{"source":4,"target":2},{"source":4,"target":3},{"source":211,"target":232},{"source":211,"target":121},{"source":247,"target":163},{"source":246,"target":245},{"source":246,"target":210},{"source":248,"target":236},{"source":233,"target":66},{"source":233,"target":30},{"source":146,"target":79},{"source":146,"target":175},{"source":146,"target":157},{"source":89,"target":88},{"source":89,"target":87},{"source":89,"target":111},{"source":89,"target":40},{"source":89,"target":136},{"source":89,"target":141},{"source":89,"target":161},{"source":89,"target":43},{"source":184,"target":183},{"source":184,"target":182},{"source":162,"target":18},{"source":162,"target":20},{"source":162,"target":11},{"source":162,"target":163},{"source":179,"target":48},{"source":179,"target":76},{"source":249,"target":171},{"source":9,"target":8},{"source":9,"target":10},{"source":9,"target":11},{"source":215,"target":214},{"source":215,"target":239},{"source":139,"target":136},{"source":139,"target":41},{"source":139,"target":142},{"source":139,"target":90},{"source":111,"target":161},{"source":111,"target":89},{"source":111,"target":43},{"source":111,"target":109},{"source":203,"target":156},{"source":203,"target":202},{"source":171,"target":231},{"source":171,"target":249},{"source":171,"target":170},{"source":171,"target":154},{"source":171,"target":177},{"source":171,"target":172},{"source":151,"target":64},{"source":151,"target":191},{"source":151,"target":106},{"source":132,"target":81},{"source":132,"target":12},{"source":187,"target":44},{"source":187,"target":114},{"source":239,"target":215},{"source":239,"target":61},{"source":92,"target":79},{"source":92,"target":63},{"source":92,"target":91},{"source":237,"target":36},{"source":237,"target":57},{"source":244,"target":183},{"source":186,"target":28},{"source":186,"target":114},{"source":73,"target":72},{"source":73,"target":71},{"source":164,"target":117},{"source":164,"target":36},{"source":127,"target":250},{"source":127,"target":104},{"source":127,"target":35},{"source":127,"target":198},{"source":127,"target":199},{"source":166,"target":201},{"source":166,"target":207},{"source":166,"target":163},{"source":166,"target":165},{"source":138,"target":136},{"source":138,"target":222},{"source":138,"target":43},{"source":57,"target":200},{"source":57,"target":237},{"source":57,"target":125},{"source":57,"target":19},{"source":57,"target":144},{"source":57,"target":124},{"source":57,"target":145},{"source":57,"target":51},{"source":57,"target":55},{"source":75,"target":77},{"source":75,"target":74},{"source":75,"target":128},{"source":75,"target":189},{"source":75,"target":122},{"source":142,"target":139},{"source":142,"target":136},{"source":142,"target":41},{"source":142,"target":90},{"source":212,"target":152},{"source":212,"target":19},{"source":42,"target":94},{"source":42,"target":110},{"source":42,"target":41},{"source":42,"target":109},{"source":42,"target":39},{"source":147,"target":69},{"source":147,"target":148},{"source":147,"target":6},{"source":163,"target":31},{"source":163,"target":18},{"source":163,"target":228},{"source":163,"target":247},{"source":163,"target":20},{"source":163,"target":166},{"source":163,"target":162},{"source":163,"target":11},{"source":163,"target":243},{"source":163,"target":209},{"source":163,"target":165},{"source":123,"target":235},{"source":123,"target":124},{"source":123,"target":10},{"source":123,"target":107},{"source":150,"target":149},{"source":124,"target":123},{"source":124,"target":14},{"source":124,"target":32},{"source":124,"target":57},{"source":124,"target":107},{"source":206,"target":205},{"source":250,"target":127},{"source":193,"target":192},{"source":44,"target":190},{"source":44,"target":187},{"source":44,"target":114},{"source":44,"target":109},{"source":44,"target":39},{"source":84,"target":63},{"source":84,"target":81},{"source":84,"target":82},{"source":84,"target":91},{"source":84,"target":68},{"source":236,"target":20},{"source":236,"target":248},{"source":234,"target":19},{"source":70,"target":63},{"source":70,"target":67},{"source":70,"target":62},{"source":70,"target":225},{"source":141,"target":88},{"source":141,"target":40},{"source":141,"target":136},{"source":141,"target":161},{"source":141,"target":89},{"source":141,"target":43},{"source":76,"target":179},{"source":76,"target":36},{"source":76,"target":104},{"source":76,"target":52},{"source":76,"target":74},{"source":76,"target":48},{"source":76,"target":135},{"source":76,"target":107},{"source":106,"target":80},{"source":106,"target":125},{"source":106,"target":219},{"source":106,"target":204},{"source":106,"target":151},{"source":106,"target":129},{"source":106,"target":103},{"source":106,"target":107},{"source":217,"target":216},{"source":133,"target":14},{"source":133,"target":240},{"source":133,"target":12},{"source":45,"target":155},{"source":45,"target":159},{"source":45,"target":39},{"source":199,"target":116},{"source":199,"target":104},{"source":199,"target":127},{"source":199,"target":198},{"source":241,"target":115},{"source":196,"target":195},{"source":196,"target":194},{"source":245,"target":210},{"source":245,"target":246},{"source":66,"target":65},{"source":66,"target":69},{"source":66,"target":62},{"source":66,"target":251},{"source":66,"target":108},{"source":66,"target":64},{"source":66,"target":233},{"source":32,"target":152},{"source":32,"target":19},{"source":32,"target":20},{"source":32,"target":134},{"source":32,"target":124},{"source":32,"target":29},{"source":32,"target":135},{"source":252,"target":227},{"source":251,"target":66},{"source":78,"target":173},{"source":78,"target":77},{"source":78,"target":74},{"source":229,"target":126},{"source":229,"target":41},{"source":229,"target":230},{"source":167,"target":97},{"source":116,"target":105},{"source":116,"target":120},{"source":116,"target":104},{"source":116,"target":35},{"source":116,"target":198},{"source":116,"target":199},{"source":41,"target":94},{"source":41,"target":113},{"source":41,"target":229},{"source":41,"target":126},{"source":41,"target":139},{"source":41,"target":110},{"source":41,"target":142},{"source":41,"target":230},{"source":41,"target":42},{"source":41,"target":109},{"source":41,"target":39},{"source":227,"target":81},{"source":227,"target":252},{"source":178,"target":200},{"source":178,"target":86},{"source":178,"target":129},{"source":226,"target":128},{"source":13,"target":8},{"source":13,"target":152},{"source":13,"target":17},{"source":13,"target":20},{"source":94,"target":93},{"source":94,"target":41},{"source":94,"target":95},{"source":94,"target":42},{"source":94,"target":109},{"source":172,"target":171},{"source":172,"target":170},{"source":172,"target":238},{"source":160,"target":159}]}