{
    "nodes": [
        {
            "id": 1
        },
        {
            "id": 2
        },
        {
            "id": 3
        },
        {
            "id": 4
        },
        {
            "id": 5
        },
        {
            "id": 6
        },
        {
            "id": 7
        },
        {
            "id": 8
        },
        {
            "id": 9
        },
        {
            "id": 10
        },
        {
            "id": 11
        },
        {
            "id": 12
        },
        {
            "id": 13
        },
        {
            "id": 14
        },
        {
            "id": 15
        },
        {
            "id": 16
        },
        {
            "id": 17
        },
        {
            "id": 18
        },
        {
            "id": 19
        },
        {
            "id": 20
        }
    ],
    "links": [
        {
            "source": 1,
            "target": 2
        },
        {
            "source": 1,
            "target": 3
        },
        {
            "source": 6,
            "target": 1
        },
        {
            "source": 7,
            "target": 1
        },
        {
            "source": 8,
            "target": 1
        },
        {
            "source": 9,
            "target": 1
        },
        {
            "source": 10,
            "target": 2
        },
        {
            "source": 12,
            "target": 2
        },
        {
            "source": 2,
            "target": 3
        },
        {
            "source": 15,
            "target": 3
        },
        {
            "source": 16,
            "target": 3
        },
        {
            "source": 3,
            "target": 17
        },
        {
            "source": 17,
            "target": 5
        },
        {
            "source": 18,
            "target": 5
        },
        {
            "source": 19,
            "target": 5
        },
        {
            "source": 20,
            "target": 5
        },
        {
            "source": 2,
            "target": 11
        },
        {
            "source": 11,
            "target": 4
        },
        {
            "source": 13,
            "target": 4
        },
        {
            "source": 14,
            "target": 4
        }
    ]
}